1-mat,4lk38
2-mat,k5zrn7z1
3-mat,nx4rp5
4-mat,sl0ohqv9
5-mat,6b08cx
6-mat,qvht
7-mat,ZAGU
8-mat,07j2ns
9-mat,jnm1ly
10-mat,7mgrx
11-mat,dy38tlk
12-mat,b5gy
13-mat,mgzau
14-mat,906
15-mat,sd2k4
16-mat,61825
17-mat,kyziy6
18-mat,ifnb8nie
19-mat,xzd
20-mat,1hzqw
21-mat,f2hd
22-mat,baakz
23-mat,cchall
24-mat,vto
25-mat,6lx
26-mat,unhv459
27-mat,0rs32
28-mat,RRT
29-mat,h3xb
30-mat,g2qe3
31-mat,rr73huso
32-mat,Ojkflzp
33-mat,3qsfu
34-mat,0fcyd7h
35-mat,oj1ef984
36-mat,mf22rm3
37-mat,2rfxdxf
38-mat,s0l9b
39-mat,6wrobb
40-mat,fng
41-mat,CS37Y
42-mat,7vf
43-mat,kebt5c
44-mat,jbo20
45-mat,CYC30
46-mat,p1k
47-mat,zrgk
48-mat,tvtdpw3
49-mat,tt5
50-mat,6tcuj0g4
51-mat,408LUJ6P
52-mat,cfosegmb
53-mat,v2rt7d2
54-mat,bdgoxzcd
55-mat,GRTWY
56-mat,DN5B
57-mat,ndk3pk6y
58-mat,5afp
59-mat,jopov
60-mat,ntqq86ox
61-mat,w6o
62-mat,MD6S9
63-mat,bq81id
64-mat,snko7
65-mat,kb7ui
66-mat,imf
67-mat,slb
68-mat,ktz
69-mat,w20
70-mat,nxpric9
71-mat,vmxwm
72-mat,mc9bn
73-mat,k4nnxa1
74-mat,0tdt
75-mat,g540n
76-mat,cg3jg02q
77-mat,30cfybbv
78-mat,yi1lm6oh
79-mat,uqm786m5
80-mat,131
81-mat,rtj
82-mat,zqd4fx3
83-mat,6ey897s
84-mat,duo
85-mat,q3cbdruy
86-mat,2nu1
87-mat,jsrm
88-mat,b81j5
89-mat,51m4
90-mat,n2k972
91-mat,i9wyuy
92-mat,62O59MEJ
93-mat,udpwhj
94-mat,fqyl
95-mat,vo65b5x
96-mat,onu8rjol
97-mat,hy43
98-mat,o3zp
99-mat,5sg
100-mat,2nw
101-mat,73tid14y
102-mat,hg3p
103-mat,jpi8s
104-mat,g5qh
105-mat,nmm
106-mat,lolp8ew
107-mat,exvh2
108-mat,dyvji
109-mat,qbd3
110-mat,hn43
111-mat,5811x
112-mat,x58zlmm
113-mat,oc7e
114-mat,o3dlu6w
115-mat,r31pdv
116-mat,BV5
117-mat,uwoqwvq
118-mat,dgv
119-mat,1b05dm2f
120-mat,1xbnly
121-mat,gibh4
122-mat,chfy7
123-mat,h44e
124-mat,TPBJOYV
125-mat,dgemn9u2
126-mat,rse3ywj
127-mat,co4jj
128-mat,ZFo0R
129-mat,dok06
130-mat,xbsmdax
131-mat,rmkejzs
132-mat,gpk4e5
133-mat,5f6u26z
134-mat,p1gul0w
135-mat,bnpw6mwy
136-mat,yo3ug
137-mat,ljw8n
138-mat,l4lhsu7
139-mat,l14i
140-mat,ylr
141-mat,ukli04xn
142-mat,tzf416c
143-mat,schhysk
144-mat,fgle
145-mat,ojnlh
146-mat,sumk
147-mat,gsa69
148-mat,52g7dz
149-mat,2lo1t4
150-mat,2v4ro2
151-mat,OS895R
152-mat,xqj
153-mat,02AT2QV
154-mat,r15
155-mat,M40IDJ
156-mat,7neid
157-mat,5ts7v3tl
158-mat,idc0
159-mat,vd9aght7
160-mat,0be55
161-mat,0xt
162-mat,xbb7s
163-mat,jgb6
164-mat,6b4l
165-mat,tjom5hr
166-mat,qgqzub
167-mat,xr32r000
168-mat,8ool070
169-mat,bue6hrh
170-mat,nnqt
171-mat,ftkyx8x4
172-mat,w6l
173-mat,bhic
174-mat,naxw3r
175-mat,fl1
176-mat,lfm
177-mat,vdd9
178-mat,dbk
179-mat,n48cp
180-mat,s0b
181-mat,tsm
182-mat,siijl9
183-mat,pvht
184-mat,xysa3op
185-mat,8DM71
186-mat,60ibv
187-mat,pfx
188-mat,h1k1
189-mat,lcy3wg
190-mat,7OYZ
191-mat,agr1t85
192-mat,CGJQ6
193-mat,lxde51
194-mat,ilyh0v
195-mat,y3y
196-mat,siekt
197-mat,tx7f62wt
198-mat,y4lre0
199-mat,bz471
200-mat,rabrb8
201-mat,HN87M
202-mat,d6bjv6y
203-mat,gt9b
204-mat,dbys3tc
205-mat,3ov
206-mat,8umusna
207-mat,dj5dzvg8
208-mat,zk4j
209-mat,ar4muj
210-mat,tczq
211-mat,dl0up0
212-mat,4qsa0bx4
213-mat,gdidoxdn
214-mat,tuch4ixu
215-mat,i6t
216-mat,vf3rntsk
217-mat,0kul
218-mat,1b7y5ci
219-mat,spn1q
220-mat,9lym4
221-mat,xivdu15
222-mat,58ufxob
223-mat,z7a
224-mat,jvlp
225-mat,v9rbhq
226-mat,5VVESple
227-mat,1ip
228-mat,nha
229-mat,K3V8ES3
230-mat,xbq2tv
231-mat,2gei3
232-mat,a0hx3gd
233-mat,cqo
234-mat,puboufwo
235-mat,oyix46
236-mat,psv61g
237-mat,6dhn
238-mat,xvt8
239-mat,mqslx
240-mat,ysi
241-mat,vr722ocu
242-mat,5l0w46q
243-mat,CXX
244-mat,h4zwjk2
245-mat,3b84i3
246-mat,9qcj
247-mat,cjrtc3
248-mat,5bpgi0
249-mat,qeki
250-mat,im7g
251-mat,701
252-mat,bsumpo
253-mat,krvww
254-mat,tmj3x
255-mat,7apy4gr
256-mat,5vw7
257-mat,gq10hv
258-mat,n7n252
259-mat,zyir
260-mat,4em
261-mat,z775sfd5
262-mat,vyjcd
263-mat,k1z0b7e
264-mat,2k0e
265-mat,x64c
266-mat,u7y2
267-mat,3dydd
268-mat,p2kear2
269-mat,xb6bb3
270-mat,qr7ev2
271-mat,xn84i
272-mat,anof
273-mat,r323e
274-mat,158evcv7
275-mat,g7r66u
276-mat,9jpk
277-mat,1p9
278-mat,fdnoh4z
279-mat,h3m01mi
280-mat,zlfxs
281-mat,nx3
282-mat,otn
283-mat,qeq
284-mat,kzkv
285-mat,6g7
286-mat,gze1r
287-mat,fh16o
288-mat,afipz
289-mat,e1145
290-mat,7dmheo
291-mat,27s
292-mat,07DX8
293-mat,f6s4
294-mat,800GK
295-mat,Y105
296-mat,n2j6ia
297-mat,rudhn
298-mat,maom
299-mat,hzjky9
300-mat,duivs
301-mat,m6rfv
302-mat,bewshl
303-mat,nzp
304-mat,gw5pifc
305-mat,i2nru
306-mat,ta7
307-mat,13e8px
308-mat,rhk
309-mat,ry46qmy
310-mat,1p1
311-mat,5mi5a
312-mat,kly22n
313-mat,cymztjip
314-mat,6givm
315-mat,2blcw5uc
316-mat,Lriiepp
317-mat,6fit5z5m
318-mat,5q3
319-mat,PQQ
320-mat,yvd
321-mat,68c9mp0p
322-mat,pv44wpl
323-mat,M4QEIB
324-mat,d75yjm4
325-mat,8h62ok
326-mat,bpco35
327-mat,z2e1
328-mat,1inei
329-mat,Zjiitohr
330-mat,ns83p
331-mat,fis
332-mat,tbotb
333-mat,9jfbr
334-mat,PTXYOX
335-mat,tzj9
336-mat,8obw
337-mat,6fj7u
338-mat,vayzm8
339-mat,ql2xc1
340-mat,4ecuk2w
341-mat,4ai
342-mat,7g99
343-mat,iswtkbu
344-mat,odw
345-mat,ol0
346-mat,iqsdnim8
347-mat,44b
348-mat,gpxc
349-mat,ngoz7h
350-mat,m6rfopz
351-mat,2abri
352-mat,4fxor
353-mat,0n2u3re
354-mat,net1wa4v
355-mat,dorew
356-mat,limmabt
357-mat,hn5m8es
358-mat,8vr4u
359-mat,zi0
360-mat,t7owwd
361-mat,f1zlty
362-mat,ewusy0
363-mat,l6yqt6
364-mat,4W2520
365-mat,e8l7vtv7
366-mat,ezhj4
367-mat,nl41
368-mat,py0u
369-mat,iqz
370-mat,vx56r6
371-mat,zrbqny4s
372-mat,eyooe
373-mat,n25re
374-mat,7rmxj
375-mat,q8j4wu
376-mat,4nz5lw
377-mat,gyjr
378-mat,8xh2wb
379-mat,g2v
380-mat,ikvbujhd
381-mat,olevhy2e
382-mat,jsbs
383-mat,yib9ag3
384-mat,bnppixgy
385-mat,rrn
386-mat,jxdv32
387-mat,xttxd5vk
388-mat,w17fx7lh
389-mat,5msbvp6u
390-mat,ndw
391-mat,zsb6exqm
392-mat,8eiisd
393-mat,F410
394-mat,i0k1pi8
395-mat,kgmvkj
396-mat,31sc6c5m
397-mat,277vq65
398-mat,a9wq5s
399-mat,lb0ru5
400-mat,2JKE3D6U
401-mat,vvpd
402-mat,rbn
403-mat,eqj
404-mat,wqc4f07k
405-mat,tn4s6l
406-mat,y6llbi
407-mat,z1khhk7h
408-mat,1jcn2z3
409-mat,nsfg
410-mat,t2dgrc
411-mat,8vg
412-mat,k9s8pqe
413-mat,zgz8u
414-mat,b7r037
415-mat,udp
416-mat,bwosrlo
417-mat,9fg
418-mat,zu7dvg
419-mat,38ndsp
420-mat,t5fpl
421-mat,14bxk
422-mat,26twkbzf
423-mat,cs5cpc0r
424-mat,76h
425-mat,63dkb
426-mat,84ceag
427-mat,tk8y8
428-mat,khu1
429-mat,x9hxnnh1
430-mat,eehey0b
431-mat,g56
432-mat,KWRF576x
433-mat,idntkac3
434-mat,y7daksv4
435-mat,5h4xga7
436-mat,wdt5j
437-mat,eob59v
438-mat,krro36
439-mat,fq0etk5
440-mat,y3s5i
441-mat,94q
442-mat,52k
443-mat,u5idfjmm
444-mat,2xswvx2
445-mat,3u1qu
446-mat,o7hv5
447-mat,v1srq02q
448-mat,twb
449-mat,O62G
450-mat,6rl
451-mat,7jdfqnb
452-mat,v08pblj
453-mat,o2g
454-mat,23m8
455-mat,sijwrae
456-mat,6V3J31HQ
457-mat,ukbdkgjq
458-mat,031m6ya
459-mat,9y4
460-mat,0tve5nj8
461-mat,tx7i
462-mat,wjagij
463-mat,4buvquw
464-mat,qz7w0prc
465-mat,fqxq3cuo
466-mat,4A
467-mat,mqlm64
468-mat,y98lb
469-mat,sm46ecq
470-mat,pqpc
471-mat,04vv
472-mat,xbmrowd
473-mat,g1ltpd7
474-mat,vmfzr5
475-mat,d6azk
476-mat,tsi6dr8b
477-mat,t5u7uxc
478-mat,0ny
479-mat,1bp
480-mat,2zforq95
481-mat,74wexh
482-mat,vidk2
483-mat,ei4
484-mat,u0nwx
485-mat,lvyz56
486-mat,i12
487-mat,bp0ogrf
488-mat,n20g
489-mat,dfbujv
490-mat,v4xsvobo
491-mat,00fh4frs
492-mat,nz206
493-mat,bq1cnzau
494-mat,0c8iux
495-mat,ix2gdqc
496-mat,tpnhnkl2
497-mat,1zcn
498-mat,U46
499-mat,bpyb1ln
500-mat,otm6y
501-mat,1do7s6wq
502-mat,ocl41win
503-mat,MF6LK
504-mat,CSS
505-mat,y9vd
506-mat,m8n4f
507-mat,x1lcmpo0
508-mat,ehn4fmh0
509-mat,00y
510-mat,artg7
511-mat,wqqale
512-mat,shk2
513-mat,yhv8o7
514-mat,hstj93v
515-mat,9ofzqx7
516-mat,f0r
517-mat,6je0he
518-mat,5znk1pu
519-mat,kq5fq
520-mat,v2cp
521-mat,9j69g2q4
522-mat,mx4
523-mat,dxko
524-mat,qavi2ho
525-mat,6yl
526-mat,19g82
527-mat,5up
528-mat,8ip9fyv2
529-mat,flve6zt
530-mat,cd2ks7
531-mat,32u1z
532-mat,9gno
533-mat,q4n
534-mat,p71ec53
535-mat,rel08b
536-mat,5u4
537-mat,dxxu6
538-mat,uz4v1uv
539-mat,44ktz1u
540-mat,kbkolwp
541-mat,MG8C3M
542-mat,nnv4
543-mat,fbu4xy0w
544-mat,x81
545-mat,pfvijsf
546-mat,tlrq
547-mat,ngv4
548-mat,m3sw
549-mat,1x4w
550-mat,g1d
551-mat,21oh
552-mat,v2t
553-mat,Opr3pr
554-mat,8uz0h
555-mat,cc0r
556-mat,5xfxqnw
557-mat,kw4
558-mat,uob85k
559-mat,ivr
560-mat,4ki2c
561-mat,klrw8e8
562-mat,tzvb
563-mat,5xo5mepd
564-mat,7yh
565-mat,dye0vuc
566-mat,k6qtgo
567-mat,h3ovi7l
568-mat,sjvu
569-mat,tgsm
570-mat,33s
571-mat,4rs3v
572-mat,6f2
573-mat,88m7q
574-mat,mfzd
575-mat,ysd44e
576-mat,GI55KLU
577-mat,f02n58
578-mat,MY2
579-mat,rl268m
580-mat,sh7z3wqs
581-mat,ssf0
582-mat,e15
583-mat,CVS4x5
584-mat,ocyl
585-mat,ij6ruhyj
586-mat,fd4ks
587-mat,NT5TMHYD
588-mat,i96vh
589-mat,ayj7w
590-mat,88s
591-mat,hcqp1
592-mat,klc
593-mat,4b68k30c
594-mat,jdeh
595-mat,6rb2jo4
596-mat,ld03e74
597-mat,8hok8r1
598-mat,wovr1l
599-mat,am0uyp
600-mat,4s7gj20y
601-mat,um7sl
602-mat,2e802
603-mat,xzeh06
604-mat,51e2vfh
605-mat,pm3
606-mat,jinbzrq
607-mat,tu6u
608-mat,wg7csfr
609-mat,1bub0o7s
610-mat,ano3
611-mat,q0np8
612-mat,la7ry
613-mat,c81kp3jk
614-mat,6mhhu
615-mat,a9d
616-mat,r8gxt
617-mat,efvk
618-mat,zqj
619-mat,274su5
620-mat,t5x8z
621-mat,rgl
622-mat,ZI13mv
623-mat,opzl9i
624-mat,zohuu3nb
625-mat,6zt
626-mat,ujb02
627-mat,JQDVN
628-mat,c7freseo
629-mat,8vp
630-mat,21a
631-mat,ehfezvc
632-mat,rc4ur
633-mat,234bo32u
634-mat,odillgy9
635-mat,h0gaxx
636-mat,1qo9qoaa
637-mat,pc6k3
638-mat,rtriunz
639-mat,wxvmb
640-mat,v6de28pu
641-mat,7fvptvjm
642-mat,80rpwg0u
643-mat,odhkyeql
644-mat,27ji
645-mat,MSG
646-mat,VfWW
647-mat,NIQJ1
648-mat,gcnjmp
649-mat,eb16mcm
650-mat,s0u
651-mat,mtgal
652-mat,p4b7og
653-mat,dv6u2rtl
654-mat,9w8rrnv6
655-mat,4qf6
656-mat,1wd
657-mat,bsh2
658-mat,0m5cem0u
659-mat,25gzjc
660-mat,kogr
661-mat,em4u
662-mat,tfbwn
663-mat,ysj
664-mat,Kgq
665-mat,znv
666-mat,ock4x
667-mat,zdb8idah
668-mat,xwfwtl
669-mat,tmnhc45
670-mat,y4u
671-mat,mq6jw
672-mat,sgqw
673-mat,bed3f4q
674-mat,EPHMD
675-mat,mmb0u42
676-mat,krb22umq
677-mat,hafc5it
678-mat,6gwr3
679-mat,T9CSPI
680-mat,lfy
681-mat,xnf9fgo8
682-mat,cyuqc8q
683-mat,Klrd
684-mat,uj4cm5o
685-mat,gx1h21f0
686-mat,fimc77jd
687-mat,ttpq5ut3
688-mat,g4yxy
689-mat,g0mbg
690-mat,n2squ
691-mat,vxj1iebv
692-mat,xv9ohps1
693-mat,cjk4dw
694-mat,4idh
695-mat,hm8e2
696-mat,mzebc
697-mat,e28
698-mat,cdnyod27
699-mat,igzyn
700-mat,f2v8g
701-mat,74ak2v
702-mat,wbsdnw
703-mat,XYS
704-mat,59ffl
705-mat,iy9
706-mat,rs5lmz1t
707-mat,3q04
708-mat,u2r4n
709-mat,hqq
710-mat,h8t808vu
711-mat,a5l
712-mat,gfrd5
713-mat,k1otrbe
714-mat,eh6sm3
715-mat,w2oo4c
716-mat,y0j
717-mat,ku3p
718-mat,6elyedv8
719-mat,oyv3nz1
720-mat,xl6y5
721-mat,1ypk8w5
722-mat,hjz19i8p
723-mat,wj2
724-mat,vi0
725-mat,nf7upgbt
726-mat,v86pku
727-mat,iufni0s
728-mat,cmoy0ks8
729-mat,2cgsz
730-mat,jxx
731-mat,5e3hg
732-mat,igo
733-mat,9nushu
734-mat,xvkfki
735-mat,18p
736-mat,qy0odvgz
737-mat,27h3
738-mat,hjdhm5
739-mat,9fy2
740-mat,cmt6p
741-mat,q2y
742-mat,cydu
743-mat,z6yys
744-mat,esvxu3u
745-mat,cbqfl
746-mat,a10cwz2
747-mat,5yushq
748-mat,kzn
749-mat,hl8
750-mat,77xt
751-mat,31h7ak0
752-mat,h13u6uq
753-mat,85w51tl
754-mat,cmaz0570
755-mat,ry0sfyv
756-mat,wrkff
757-mat,9ynhzny
758-mat,zt5
759-mat,7z1ej6
760-mat,zp7
761-mat,or5gd1b
762-mat,0
763-mat,2zxorl
764-mat,6q2
765-mat,nd8wucb8
766-mat,bxqlrn
767-mat,1glr
768-mat,7zpv96t
769-mat,1k35oxrl
770-mat,qmm503mu
771-mat,35mnhga0
772-mat,kkplyu
773-mat,jf1
774-mat,sry4s
775-mat,pv6h
776-mat,3nn
777-mat,mbpotdx
778-mat,vh7tj
779-mat,5j2trgox
780-mat,gssfwctw
781-mat,6yzz
782-mat,g844jhq
783-mat,wb3
784-mat,j21n7b
785-mat,azhycl5m
786-mat,ja48fl0g
787-mat,ya0zq4lh
788-mat,26ig
789-mat,cdd11v3g
790-mat,f7ymx
791-mat,i1xuht
792-mat,zvv8ijs
793-mat,fe05r
794-mat,pst
795-mat,drhc37v8
796-mat,q2hn
797-mat,q8r
798-mat,pc3xb43f
799-mat,e0fwm
800-mat,nz8
801-mat,qe7ph
802-mat,jlz1
803-mat,4cp
804-mat,hx55ctwl
805-mat,5kxx
806-mat,obj
807-mat,zw70
808-mat,azdgafd
809-mat,8libka
810-mat,p5eq4g0g
811-mat,7ww
812-mat,vqstq
813-mat,g18499
814-mat,y9zhno1e
815-mat,r0y64
816-mat,sa2
817-mat,5icgu
818-mat,78ly6
819-mat,ycx
820-mat,1tht176
821-mat,hxiqsj
822-mat,xb7ugd93
823-mat,L53K
824-mat,z5n
825-mat,gr4s
826-mat,hkgy
827-mat,fha
828-mat,hqc3k
829-mat,6dat2tk
830-mat,x7scsul7
831-mat,1foh
832-mat,a038uh
833-mat,8a40
834-mat,m72ru
835-mat,xu9
836-mat,ucb45
837-mat,bvopnf
838-mat,vjblhi0b
839-mat,KMRK
840-mat,rjpqf3no
841-mat,BWYS2
842-mat,5mo0fs
843-mat,10
844-mat,1wc8
845-mat,f1hc2wc
846-mat,x1s2h
847-mat,0oel7nf2
848-mat,las7
849-mat,ktajzx
850-mat,lef
851-mat,m9cp
852-mat,v9zbh9
853-mat,sw7n5ge
854-mat,ih86
855-mat,g8wzbc
856-mat,s4g
857-mat,2u7zghu
858-mat,sfpk8
859-mat,n5dm
860-mat,7xw0ir
861-mat,8prx
862-mat,ytf8gqt
863-mat,bv1
864-mat,yg8
865-mat,7lwq6
866-mat,lzb
867-mat,xjkgs
868-mat,iqctil
869-mat,6qq
870-mat,on9m6m
871-mat,ibk8k1
872-mat,cb1x
873-mat,1as
874-mat,6u17r
875-mat,lk2yyvp4
876-mat,hnu
877-mat,save9l
878-mat,e6rf0jyb
879-mat,eprxow2
880-mat,wcpz
881-mat,6acool
882-mat,94shon
883-mat,mkbuo
884-mat,2rytq4
885-mat,n2x31k
886-mat,6q44evka
887-mat,oik5
888-mat,q2u01jck
889-mat,5rbzrjnb
890-mat,nplpi
891-mat,ypm
892-mat,pdm53
893-mat,ye5o
894-mat,1ZZ
895-mat,7gv5
896-mat,8vj0oqh
897-mat,ryz8fdge
898-mat,c6r
899-mat,O9D1
900-mat,1911p2
901-mat,psy
902-mat,h35mqc24
903-mat,ujeh7bl
904-mat,3inxkn
905-mat,55neeknm
906-mat,3tqb2s5
907-mat,d3d7kua1
908-mat,7wqick4r
909-mat,d9i
910-mat,CT1
911-mat,ujz
912-mat,4zg
913-mat,uo30f0
914-mat,v1rkd4
915-mat,oqfmp
916-mat,qxw0q9
917-mat,2hb
918-mat,44q0j0c
919-mat,c62
920-mat,htbv6nkc
921-mat,ovvss
922-mat,31f76
923-mat,llz71s6
924-mat,i5r1
925-mat,moecov
926-mat,869yb5
927-mat,06q0wsx
928-mat,ss15uh
929-mat,0g6npg
930-mat,h4wxf7
931-mat,pevj
932-mat,wza
933-mat,r6n
934-mat,QDLKM3DG
935-mat,ja4
936-mat,u8ga
937-mat,r2z
938-mat,ppn11
939-mat,nh7d5h2c
940-mat,2if21h
941-mat,rlkiwdh
942-mat,et3v4
943-mat,cb6tnc
944-mat,hlg03a
945-mat,cmq708y
946-mat,jxstqi
947-mat,q1tt3
948-mat,wb6
949-mat,bx3xhes4
950-mat,3lrl
951-mat,pmy
952-mat,70x
953-mat,3dse1
954-mat,fmbm8
955-mat,18jb7kgl
956-mat,xvnpoof
957-mat,gnsg8
958-mat,i3t
959-mat,l4pizuqi
960-mat,4o1ozb
961-mat,3vxi9q
962-mat,5mf
963-mat,dlht9bo2
964-mat,zv663f
965-mat,ybl
966-mat,99x201k
967-mat,rq7
968-mat,08utp0re
969-mat,jbi
970-mat,nxql
971-mat,p12fc
972-mat,jj3n5
973-mat,phivyvh
974-mat,knnpqdmw
975-mat,bbnlnvp
976-mat,u3yjjrk
977-mat,lu5tg
978-mat,nqgxjsz
979-mat,r2schvh
980-mat,g2ea
981-mat,vqkmnb
982-mat,9j9vy2b
983-mat,cptr
984-mat,snwnrj0n
985-mat,034c
986-mat,7oszxd83
987-mat,ghrurg6
988-mat,5bdah
989-mat,4rz
990-mat,18Y7
991-mat,mhq8ri3
992-mat,qpbcuv
993-mat,uiq
994-mat,vmzj
995-mat,qpo1023v
996-mat,kt3tc
997-mat,0nrxwv4w
998-mat,2pc
999-mat,3mnsdrbp
1000-mat,7vjwj
