1-bal,q76
2-bal,i75is
3-bal,E5IQ
4-bal,9ml0q
5-bal,qh8q
6-bal,axe4
7-bal,4em33
8-bal,sgwn7
9-bal,80g
10-bal,21o
11-bal,ZS4
12-bal,2es3
13-bal,3zv
14-bal,rb8m3fl3
15-bal,h7i
16-bal,sd6w7
17-bal,ne6
18-bal,w53f
19-bal,evpc2hrs
20-bal,cp0
21-bal,qup46
22-bal,qg7up9
23-bal,ECZK5
24-bal,nm0
25-bal,e0bqv59
26-bal,lun
27-bal,VXQ8
28-bal,x12a3tf6
29-bal,op71130
30-bal,p4w8nr75
31-bal,56WQB7
32-bal,q6v
33-bal,vx2ba0e
34-bal,zbgn82
35-bal,TG1
36-bal,ls5wpvo
37-bal,aoo
38-bal,d4kztkpt
39-bal,jnl20umh
40-bal,6WP
41-bal,mqdmm
42-bal,7a2
43-bal,80i
44-bal,pcgt7
45-bal,fl0qrp6
46-bal,2vr2
47-bal,060h7o
48-bal,b62b5bnp
49-bal,gdjhoak
50-bal,KSOGSG
51-bal,bjb
52-bal,gfb4
53-bal,gl8lb
54-bal,v4z
55-bal,CRJ
56-bal,xw9hwc
57-bal,H655H5
58-bal,x2vudj
59-bal,8fggic
60-bal,33su
61-bal,74ic1vi
62-bal,gg5e
63-bal,ap7ps
64-bal,rzizo6t
65-bal,5w41wqc
66-bal,VP4J
67-bal,1RRZ
68-bal,JWK
69-bal,4a3
70-bal,m8s6b6od
71-bal,c40r2r
72-bal,j4sqle
73-bal,7xdo
74-bal,5mv
75-bal,zfjk
76-bal,mxm
77-bal,r76o14
78-bal,wfj
79-bal,mcran2z5
80-bal,et67oma
81-bal,hxf5x
82-bal,p7pust
83-bal,mb25k
84-bal,4ewrqq
85-bal,zbi7p
86-bal,47j2j
87-bal,xmmc4o
88-bal,H7W6
89-bal,fa4x1u3
90-bal,f5fh
91-bal,ptk7tzb
92-bal,1c2y
93-bal,180
94-bal,7dqmgu
95-bal,fcsk6u
96-bal,qdj727
97-bal,Z4q
98-bal,1drg5yg
99-bal,1c01s
100-bal,ywx
101-bal,5aj05
102-bal,ht8r4x
103-bal,i1s
104-bal,8shvbls1
105-bal,dye39o24
106-bal,323M38E
107-bal,smvm2p
108-bal,7cx
109-bal,6E557
110-bal,xa3sbe
111-bal,4S3HTU4O
112-bal,kltq4p6
113-bal,8ofxjdx
114-bal,iwh1fjd3
115-bal,1g8qw
116-bal,ashcb
117-bal,vmtq
118-bal,bgr0bkgi
119-bal,sw5v87pt
120-bal,1zzrro
121-bal,pki
122-bal,s4kn238
123-bal,e1rywpx
124-bal,miv
125-bal,ruefd5
126-bal,otpkp
127-bal,u28w4f31
128-bal,jrkt1d
129-bal,l1pgscg
130-bal,u2dw
131-bal,wzly3e
132-bal,88q71cg2
133-bal,TFFXZ1HW
134-bal,2h61
135-bal,82058d
136-bal,7795b2y
137-bal,fn1
138-bal,6aj6fq2
139-bal,qce76gk5
140-bal,qx6
141-bal,8m581
142-bal,ln7qqx2n
143-bal,qmk43db
144-bal,29lnsss4
145-bal,npt
146-bal,5emax091
147-bal,hwke6
148-bal,ISZYa
149-bal,vl24i
150-bal,8ewd
151-bal,yiq
152-bal,bgm00gwi
153-bal,oxkc
154-bal,ltgsy
155-bal,4dfkfc4f
156-bal,7dz01ll
157-bal,2b9iwo
158-bal,4SIHMO7J
159-bal,Y3Y3
160-bal,1bt7
161-bal,j9e68f
162-bal,5rsdcq
163-bal,f1wn
164-bal,6khipr
165-bal,evps
166-bal,j0q5
167-bal,9rb97y
168-bal,D7AE2H1
169-bal,9u9he
170-bal,408ck9gf
171-bal,fin2ecy
172-bal,8dywlm
173-bal,tfbh
174-bal,e0vjr
175-bal,c7bd
176-bal,ryusqt
177-bal,f5cs
178-bal,bg1owc7
179-bal,2w5
180-bal,7ewu
181-bal,wus3
182-bal,tt8
183-bal,4mlrwb
184-bal,58cq9p
185-bal,WFRH
186-bal,gblig2q7
187-bal,gx2x7us
188-bal,fw33zd3
189-bal,tczeed
190-bal,j2f3f
191-bal,hi9
192-bal,BX6X5H
193-bal,9L6GQZD
194-bal,owi4eu4
195-bal,4gz924r
196-bal,ppi
197-bal,1gsk
198-bal,f7c84hox
199-bal,6kji
200-bal,dpzmy5
201-bal,fx6bue
202-bal,vw7k9
203-bal,co4ed3n
204-bal,eez5h
205-bal,w8e
206-bal,q8j
207-bal,7xqbhrks
208-bal,nsi1k
209-bal,8iu2w
210-bal,23mi
211-bal,N1LTIB
212-bal,bmq
213-bal,am8hqxfc
214-bal,doe
215-bal,hg30x
216-bal,vq8
217-bal,q87z
218-bal,lijd2
219-bal,56ug
220-bal,ni8xpm
221-bal,5q7tj
222-bal,vnowu
223-bal,wa7j
224-bal,4oodat
225-bal,ndg
226-bal,2ffps
227-bal,EXMUSY
228-bal,gxc
229-bal,4evx
230-bal,pz1grf
231-bal,rdswrf2k
232-bal,4uak1j3
233-bal,o4d1
234-bal,7LJ0
235-bal,75cu3xl
236-bal,ti8u7n
237-bal,zpbbscs
238-bal,LE44YQ304
239-bal,OXOYEC
240-bal,y8rb2x5
241-bal,s72u3ccz
242-bal,gsm
243-bal,l1k
244-bal,ixcx
245-bal,o14lls
246-bal,S5k
247-bal,7JCB
248-bal,g2qkwq
249-bal,e22aobaw
250-bal,q1t6
251-bal,u7yj
252-bal,kuzpd2s
253-bal,e2oeyg
254-bal,16ajl6z8
255-bal,1rll
256-bal,w1lahc
257-bal,bu5r8
258-bal,onb28de
259-bal,47oub2
260-bal,jeg
261-bal,6q9vyw
262-bal,d3z35fcm
263-bal,hefrxntz
264-bal,6u5zym
265-bal,bodb
266-bal,iughdioy
267-bal,q930l4t
268-bal,8zfncr
269-bal,ndkwr5i
270-bal,Ipq7uee
271-bal,d3jh031j
272-bal,p5dio5
273-bal,n9y5v
274-bal,e7h
275-bal,nszo
276-bal,zs07
277-bal,7t1
278-bal,xuh
279-bal,kzqvbz
280-bal,g35a7a
281-bal,k5k8n
282-bal,gsgim
283-bal,5kc
284-bal,lpasfxx
285-bal,iqj
286-bal,wocgkd
287-bal,p7ucym
288-bal,8wt20yzg
289-bal,ed6ss
290-bal,uqwk
291-bal,knw4v
292-bal,fmpl
293-bal,85f24
294-bal,v6pee28i
295-bal,hly
296-bal,xdfvbb0y
297-bal,lysf2g8a
298-bal,cby7p
299-bal,1ejzidkf
300-bal,33ari2ef
301-bal,o05n
302-bal,4hfojkz3
303-bal,67eg
304-bal,mzne0m
305-bal,m3k3r31v
306-bal,d2vg
307-bal,zwyoss
308-bal,kdivlpc
309-bal,6f5k
310-bal,wumt
311-bal,n7yql51c2
312-bal,gty22kh6
313-bal,iy73t
314-bal,ux8i8
315-bal,rvy
316-bal,1rboy107
317-bal,v5h0f6g
318-bal,i4u9iq
319-bal,r9z
320-bal,wdd22
321-bal,rrq88uwg
322-bal,8fb
323-bal,N1ELR4QT
324-bal,l0llqz
325-bal,balexobj
326-bal,hty
327-bal,2t3y
328-bal,fx7bx
329-bal,066s
330-bal,rdjmeu
331-bal,umy7jo
332-bal,oi8zpv
333-bal,gy17os
334-bal,arhri
335-bal,2agd5xfw
336-bal,kzlkc
337-bal,rsshp
338-bal,q6kq78
339-bal,ipy
340-bal,stl7
341-bal,0944iig7
342-bal,d5vp0st
343-bal,36gv
344-bal,32r27
345-bal,qlrjmh8p
346-bal,9mm1gun
347-bal,dp36
348-bal,58m7u
349-bal,3rj
350-bal,9njppi
351-bal,meqj796h
352-bal,dvhsrqth
353-bal,v0wf1
354-bal,34s40
355-bal,x5ho86
356-bal,6zg6u
357-bal,kin
358-bal,3m4q1ec
359-bal,bjbx
360-bal,z2njzn7
361-bal,7en4ux62
362-bal,822
363-bal,xe140ld
364-bal,mht6zip
365-bal,8ttfydm
366-bal,ofz
367-bal,RWD7
368-bal,iss0o
369-bal,zpsoi
370-bal,b7i3sf
371-bal,fmajwluj
372-bal,WRQDD
373-bal,c0y39j4n
374-bal,7ANE6GO
375-bal,mbfxd5m
376-bal,3hkxt107
377-bal,385sbud
378-bal,88xv
379-bal,7cimx
380-bal,2ju
381-bal,ow7zxvu3
382-bal,V52Z
383-bal,7at
384-bal,nhffpuk
385-bal,4yfbtsy
386-bal,ktz716g
387-bal,hmtdhzn
388-bal,62jb
389-bal,ontl3s
390-bal,ep6i4cw
391-bal,9x5gvvsl
392-bal,xvc9s4
393-bal,o8b
394-bal,w8a4
395-bal,kbp7gri
396-bal,P8UWIS
397-bal,PPCP
398-bal,xfhfs
399-bal,4lzucmw
400-bal,02zsqfz
401-bal,such
402-bal,223
403-bal,6vj5vz
404-bal,ltjlkyph
405-bal,e0w3blw7
406-bal,ts3qqy
407-bal,jyfunxzi
408-bal,4J7L
409-bal,4oqz
410-bal,ttz9a
411-bal,v017bw
412-bal,5y2gc
413-bal,baoh
414-bal,6y1c5f
415-bal,bjv7v
416-bal,d8urnk
417-bal,sfjthuh
418-bal,uzq6s
419-bal,ehth
420-bal,n02cwx
421-bal,mcap
422-bal,6cnlc5
423-bal,w0y
424-bal,j0y
425-bal,ulddoy
426-bal,xvz
427-bal,emvszl
428-bal,2bs
429-bal,bot2t1nt
430-bal,krp
431-bal,0cnmcme
432-bal,gz8
433-bal,lmh
434-bal,bu5j8h
435-bal,MUPKRP53
436-bal,ujhxsode
437-bal,mq5723
438-bal,e2m8tu
439-bal,g0o
440-bal,dq2sb
441-bal,ieip2
442-bal,DSI5
443-bal,whtrlwjm
444-bal,4n4zn
445-bal,S5CGLEP9
446-bal,hl34bc5i
447-bal,0kurr
448-bal,cjhkio
449-bal,6esirc
450-bal,baiwzu4p
451-bal,qew6uxci
452-bal,zgo7
453-bal,wv70x
454-bal,b87k
455-bal,2yt4
456-bal,ed6v26p
457-bal,7imix4ny
458-bal,mgjq1fvc
459-bal,h9t3m7w
460-bal,ab1fw7
461-bal,h30tlh
462-bal,8lw
463-bal,n2ee7lnd
464-bal,8nyin
465-bal,z18
466-bal,0b8721
467-bal,cf4
468-bal,i9k1vz
469-bal,Y88TKO
470-bal,wnfbqy
471-bal,rdxu0uq
472-bal,NRWP9QG
473-bal,ugwc
474-bal,z9iy
475-bal,ZF8N2D88
476-bal,7nfk45
477-bal,w2dgcdk
478-bal,hqnu2
479-bal,K7F
480-bal,mc58
481-bal,mjmrvsf
482-bal,Yd9jv
483-bal,cni12
484-bal,08tew741
485-bal,u6an6
486-bal,4kqyq4hx
487-bal,chfp1ff4
488-bal,x7chc70
489-bal,urflcq
490-bal,c9x7
491-bal,nkmyy
492-bal,ojmmphu
493-bal,f1vv36
494-bal,p6qw3
495-bal,w1tk2tkt
496-bal,fp0gg3pz
497-bal,yj18
498-bal,HXZ7W3YN
499-bal,blu60oq
500-bal,vc762r3
501-bal,flf5q0l
502-bal,67EU
503-bal,ifylo6
504-bal,zhlpfdu
505-bal,hzm6s
506-bal,qsve
507-bal,4yjz
508-bal,V7Q
509-bal,r21pmb
510-bal,BM3TG
511-bal,DBR6RNFE
512-bal,wr3p5
513-bal,2f26lvkx
514-bal,g7tx6cj0
515-bal,kpq1
516-bal,vy82m8e
517-bal,362cf4
518-bal,6ow
519-bal,N6B
520-bal,o2qporcs
521-bal,7f12d
522-bal,fcebiwwr
523-bal,5rtr
524-bal,vtr5
525-bal,kofvqt
526-bal,zkons2s
527-bal,7jk1pu
528-bal,cgbi
529-bal,llcom4ki
530-bal,5y4nr
531-bal,KTRYO
532-bal,la2g
533-bal,5ekh
534-bal,r59qeop9
535-bal,o4hfo
536-bal,p48lt8a
537-bal,v8uzn
538-bal,Wpol
539-bal,w8837ic8
540-bal,XQWRU
541-bal,fq6d5bsk
542-bal,tuxweif
543-bal,GLUEG
544-bal,obtlo
545-bal,h0igtkq
546-bal,X8CME
547-bal,WWSZ
548-bal,y6fv5
549-bal,12ktkwcp
550-bal,1ZX
551-bal,06u
552-bal,lfdqh
553-bal,ndrn4qt8
554-bal,gr1p
555-bal,6HMZIEHH
556-bal,ur8d
557-bal,9B9DJ
558-bal,6r3bsbx
559-bal,xs0r
560-bal,tyokr7
561-bal,lqn5x6bo
562-bal,gn34v
563-bal,13em
564-bal,reb5
565-bal,q6fp
566-bal,gogofz
567-bal,acj
568-bal,up1
569-bal,M2R
570-bal,7vzql9l1
571-bal,dugp21
572-bal,ko3sowyq
573-bal,qsm
574-bal,zox5
575-bal,ufi9efy
576-bal,qbpv8q
577-bal,vytzkr
578-bal,sinwi8
579-bal,umx2ln5g
580-bal,julbf
581-bal,pnb8uy
582-bal,5tk
583-bal,lgtqv43c
584-bal,o4nh6ehu
585-bal,i5g
586-bal,t1r
587-bal,8WOY
588-bal,ewrgd
589-bal,8gxjibjv
590-bal,o8ilh8bs
591-bal,6rra
592-bal,iwk
593-bal,FBO
594-bal,8ok5
595-bal,UH04EP
596-bal,dk1yz
597-bal,hnhb6
598-bal,ndy
599-bal,Z51GT
600-bal,2n9zigrk
601-bal,8lnlk
602-bal,twogp
603-bal,0eqxken
604-bal,ifk4wzfp
605-bal,8p74ed
606-bal,1cab
607-bal,uw4zlrmq
608-bal,o80eo
609-bal,xewd6758
610-bal,mezq7
611-bal,sb6
612-bal,I1UD
613-bal,5hd3lwtg
614-bal,vwcekdt
615-bal,pns2ln1q
616-bal,13f2t1
617-bal,HSOU7
618-bal,zey
619-bal,b86xlgjn
620-bal,MYZ2P6D9
621-bal,o1d5
622-bal,1U8V
623-bal,jl4w8
624-bal,dm0
625-bal,0gbgvmj
626-bal,w5nda7
627-bal,p534
628-bal,rw60pyth
629-bal,z6aa7s
630-bal,p9du
631-bal,14yhco2o
632-bal,lydf1qx
633-bal,zet
634-bal,C1Xd
635-bal,SU7X0WU
636-bal,tu4yaq
637-bal,pkzaie3
638-bal,6i24pint
639-bal,AQCZE8Z
640-bal,k9fsdwk
641-bal,wflxz8x
642-bal,rq550
643-bal,2g94eb
644-bal,ntb5vr
645-bal,mjzj
646-bal,shk8ro8z
647-bal,bvbso
648-bal,bhg8jz
649-bal,7144x9
650-bal,pl9f5b
651-bal,1r
652-bal,dubup3
653-bal,c557t
654-bal,q0ouxi
655-bal,mahjxdn
656-bal,ydvu
657-bal,785eb27o
658-bal,4g8
659-bal,6x8hd
660-bal,xsk768dz
661-bal,62xj063v
662-bal,o88xky9
663-bal,l2jl4
664-bal,x3t8
665-bal,9l1b54
666-bal,847mk
667-bal,t0zcp
668-bal,q1fkeeb
669-bal,4r796pxf
670-bal,8u82
671-bal,wg30r9r
672-bal,70wxi6l
673-bal,kcegiq2m
674-bal,rdxh60
675-bal,fuwvrtn
676-bal,ou0
677-bal,EFDRQP3
678-bal,pi816rgv
679-bal,ftky
680-bal,ee466enm
681-bal,4yxz
682-bal,o7bof9n2
683-bal,SIB
684-bal,py42
685-bal,63124o
686-bal,jlg
687-bal,hlg5xy6j
688-bal,7tpy
689-bal,brdjstx
690-bal,q5hex
691-bal,xbg5
692-bal,NLWLOIW
693-bal,6PNCM753
694-bal,gv68
695-bal,dlx467
696-bal,ipoo
697-bal,mabe1jc
698-bal,36q
699-bal,07747m
700-bal,hduuf
701-bal,8jseas7d
702-bal,a4s5
703-bal,xumrvi2
704-bal,yhjh4v
705-bal,2kigl
706-bal,vslv
707-bal,be65dj0
708-bal,hurvjkn
709-bal,h6pgoze
710-bal,fypn4
711-bal,3hchpz
712-bal,nvfmk44e
713-bal,U63EJJWN
714-bal,xkwhy8
715-bal,vj7hnlxp
716-bal,jpuzo
717-bal,63nd9m9f
718-bal,mr0
719-bal,8zqge
720-bal,1fjgk430
721-bal,rsr9x1ug
722-bal,biih6e
723-bal,15e
724-bal,b93w5ujz
725-bal,MNY8
726-bal,c4b5jo7
727-bal,4jc5pc0xg
728-bal,33ujxuxn
729-bal,6ebwq78
730-bal,rn4lib
731-bal,nw4q
732-bal,eteixg
733-bal,tb8yqyvl
734-bal,wi7s5lvl
735-bal,pxcv
736-bal,okr7q
737-bal,S85EFUBZ
738-bal,79zi
739-bal,3uhg
740-bal,5owqc
741-bal,l4cm828
742-bal,jbxb
743-bal,i5eeq
744-bal,mloochq
745-bal,moz8za9
746-bal,mih0of
747-bal,WW2O
748-bal,eb1c
749-bal,rc677
750-bal,vhtentu
751-bal,4bzwfxf
752-bal,y34p41
753-bal,c4rp85pz
754-bal,i14ocv7y
755-bal,5Z5V
756-bal,barfv
757-bal,4rwf
758-bal,FIEQC
759-bal,xul359q5
760-bal,lszr9nvi
761-bal,ddyr
762-bal,mn6e3
763-bal,gxhv
764-bal,9sl8q
765-bal,q1n2obct
766-bal,BZY2
767-bal,qba
768-bal,12ck
769-bal,r0urijj
770-bal,Y22N
771-bal,se2
772-bal,YLP
773-bal,a4z
774-bal,gcos1q
775-bal,0ff3gp
776-bal,en0v46s0
777-bal,w0ti1d
778-bal,1ad2eniq
779-bal,IB1
780-bal,sg5rc
781-bal,4ons
782-bal,z885
783-bal,thncq10e
784-bal,fdjv64
785-bal,nh8kqtxt
786-bal,hr4a84cy
787-bal,AHL
788-bal,tkuf86fn
789-bal,0rhi7j5
790-bal,k7plhu
791-bal,swoa
792-bal,deqdlx
793-bal,ixwbq0
794-bal,S1VHGJ
795-bal,yu6d
796-bal,j5qvij
797-bal,xig3vcbm
798-bal,c36
799-bal,fzoiw8h
800-bal,c0qbig6b
801-bal,v1m85hx
802-bal,K7M5
803-bal,inn78
804-bal,31qr3i77
805-bal,86jjs4bl
806-bal,gheu2
807-bal,sufi28v
808-bal,ffl7
809-bal,5se4pz
810-bal,v9m8mvbb
811-bal,6oe
812-bal,lc1kavjl
813-bal,2dr2vnws
814-bal,dyp8d
815-bal,3erp7
816-bal,fzcx6
817-bal,ybx8g5
818-bal,17abfed
819-bal,0nlfe
820-bal,er4
821-bal,zf5
822-bal,hn4q
823-bal,37ezj3
824-bal,ef4nk
825-bal,WI3SY
826-bal,2f6ba37
827-bal,1RLI2P
828-bal,gt0ebwfx
829-bal,s2co2ccr
830-bal,8igg26
831-bal,hzs1b6yq
832-bal,dgurt
833-bal,fuokbz5
834-bal,E7D
835-bal,2cksqtr
836-bal,dw2v9
837-bal,hkkj
838-bal,a1i5v
839-bal,d4g45kk
840-bal,ff1r
841-bal,kv4hwbs
842-bal,ru8x2
843-bal,482yozd
844-bal,yoy
845-bal,awcc8zy
846-bal,dctn8
847-bal,85dafz
848-bal,2syig4l
849-bal,yxz4exft
850-bal,46W8VAI
851-bal,7vv
852-bal,75syiw2
853-bal,0WH
854-bal,Wrcm
855-bal,mnsu
856-bal,ef3utwxg
857-bal,L4WWGPKA
858-bal,capsa
859-bal,14yhguxh
860-bal,viby
861-bal,l8fkmzc
862-bal,wl5kwtj2
863-bal,68Q2KLB
864-bal,ghujjvt
865-bal,f00f3v61
866-bal,1alqvwk6
867-bal,orquczu
868-bal,bufw
869-bal,61TW8
870-bal,pctie
871-bal,v7d2thj2
872-bal,kfpk
873-bal,1asxv32m
874-bal,dlvzdtkf
875-bal,1y3
876-bal,doudih
877-bal,NO6M
878-bal,m97fo
879-bal,n80vpw1g
880-bal,j7om6r
881-bal,mpj8hk
882-bal,h6cx
883-bal,wnpwv5c3
884-bal,6z62q
885-bal,x70
886-bal,k4k7
887-bal,nm7cph
888-bal,7tt13toq
889-bal,OQUYBR
890-bal,nzrrwm4o
891-bal,7hj07cg
892-bal,WOXQ8JYS
893-bal,uy5s0t3
894-bal,klyja
895-bal,taqnzqbl
896-bal,i4g4h5t
897-bal,3dsj
898-bal,jh1
899-bal,qozl6
900-bal,ftbu4
901-bal,84uh0ik
902-bal,0y7ae
903-bal,61t56
904-bal,eqe115n
905-bal,nexu
906-bal,lofex
907-bal,E27S
908-bal,egnjj2d
909-bal,m5w
910-bal,gpmtu
911-bal,trdrhmr
912-bal,lku
913-bal,hx1
914-bal,haf3
915-bal,vxn
916-bal,7tck6
917-bal,177b
918-bal,zh85fd
919-bal,p2zhah02
920-bal,zzxr1t
921-bal,os87v31
922-bal,5cqoeg1
923-bal,kpf6p
924-bal,pgt
925-bal,hriqz
926-bal,us5o96
927-bal,4iz
928-bal,ea1ix
929-bal,jqopj
930-bal,4bugh
931-bal,k687wzrp
932-bal,hbu
933-bal,hbwc0m8l
934-bal,2X7
935-bal,chp
936-bal,rw1p5
937-bal,ctxl6c2
938-bal,q74mklu
939-bal,llm
940-bal,KPV
941-bal,sej
942-bal,0fq5sm
943-bal,1d5wseky
944-bal,7tyl
945-bal,t1f
946-bal,YSRTRZJC
947-bal,0q4p
948-bal,iig
949-bal,75k
950-bal,t5g9
951-bal,nfibv0m2
952-bal,p4i
953-bal,whx7zw
954-bal,htv6g8
955-bal,h2z
956-bal,vzs
957-bal,u1rylh
958-bal,mh6dtln
959-bal,uvtuo7d
960-bal,DV5AG
961-bal,gn584c
962-bal,f4pz2
963-bal,7m5lf4
964-bal,XVXTNJ
965-bal,ijpko5t
966-bal,17x8abw
967-bal,7fzx67
968-bal,k3da67f
969-bal,bp6z
970-bal,ega
971-bal,gf3jtjwi
972-bal,oz5
973-bal,m1erc
974-bal,0y6c3ep
975-bal,1XRA
976-bal,X3Z2JVX
977-bal,5ullz3d
978-bal,s5njp
979-bal,g0tik
980-bal,4jeft
981-bal,Y4Z08IS1
982-bal,vvrh7
983-bal,436PD84
984-bal,ylpn08
985-bal,ov56y6
986-bal,0mr
987-bal,ftj
988-bal,l6rj
989-bal,hfri
990-bal,inp7
991-bal,or55ikh
992-bal,l1980
993-bal,3x1ed
994-bal,t8ynsa2
995-bal,75h2e
996-bal,b4w35s7
997-bal,idi86018
998-bal,nw36emx4
999-bal,6mebv6
1000-bal,9fddep7
