1-frn,
2-frn,
3-frn,
4-frn,
5-frn,
6-frn,
7-frn,
8-frn,
9-frn,
10-frn,
11-frn,
12-frn,
13-frn,
14-frn,
15-frn,
16-frn,
17-frn,
18-frn,
19-frn,
20-frn,
21-frn,
22-frn,
23-frn,
24-frn,
25-frn,
26-frn,
27-frn,
28-frn,
29-frn,
30-frn,
31-frn,
32-frn,
33-frn,
34-frn,
35-frn,
36-frn,
37-frn,
38-frn,
39-frn,
40-frn,
41-frn,
42-frn,
43-frn,
44-frn,
45-frn,
46-frn,
47-frn,
48-frn,
49-frn,
50-frn,
51-frn,
52-frn,
53-frn,
54-frn,
55-frn,
56-frn,
57-frn,
58-frn,
59-frn,
60-frn,
61-frn,
62-frn,
63-frn,
64-frn,
65-frn,
66-frn,
67-frn,
68-frn,
69-frn,
70-frn,
71-frn,
72-frn,
73-frn,
74-frn,
75-frn,
76-frn,
77-frn,
78-frn,
79-frn,
80-frn,
81-frn,
82-frn,
83-frn,
84-frn,
85-frn,
86-frn,
87-frn,
88-frn,
89-frn,
90-frn,
91-frn,
92-frn,
93-frn,
94-frn,
95-frn,
96-frn,
97-frn,
98-frn,
99-frn,
100-frn,
101-frn,
102-frn,
103-frn,
104-frn,
105-frn,
106-frn,
107-frn,
108-frn,
109-frn,
110-frn,
111-frn,
112-frn,
113-frn,
114-frn,
115-frn,
116-frn,
117-frn,
118-frn,
119-frn,
120-frn,
121-frn,
122-frn,
123-frn,
124-frn,
125-frn,
126-frn,
127-frn,
128-frn,
129-frn,
130-frn,
131-frn,
132-frn,
133-frn,
134-frn,
135-frn,
136-frn,
137-frn,
138-frn,
139-frn,
140-frn,
141-frn,
142-frn,
143-frn,
144-frn,
145-frn,
146-frn,
147-frn,
148-frn,
149-frn,
150-frn,
151-frn,
152-frn,
153-frn,
154-frn,
155-frn,
156-frn,
157-frn,
158-frn,
159-frn,
160-frn,
161-frn,
162-frn,
163-frn,
164-frn,
165-frn,
166-frn,
167-frn,
168-frn,
169-frn,
170-frn,
171-frn,
172-frn,
173-frn,
174-frn,
175-frn,
176-frn,
177-frn,
178-frn,
179-frn,
180-frn,
181-frn,
182-frn,
183-frn,
184-frn,
185-frn,
186-frn,
187-frn,
188-frn,
189-frn,
190-frn,
191-frn,
192-frn,
193-frn,
194-frn,
195-frn,
196-frn,
197-frn,
198-frn,
199-frn,
200-frn,
201-frn,
202-frn,
203-frn,
204-frn,
205-frn,
206-frn,
207-frn,
208-frn,
209-frn,
210-frn,
211-frn,
212-frn,
213-frn,
214-frn,
215-frn,
216-frn,
217-frn,
218-frn,
219-frn,
220-frn,
221-frn,
222-frn,
223-frn,
224-frn,
225-frn,
226-frn,
227-frn,
228-frn,
229-frn,
230-frn,
231-frn,
232-frn,
233-frn,
234-frn,
235-frn,
236-frn,
237-frn,
238-frn,
239-frn,
240-frn,
241-frn,
242-frn,
243-frn,
244-frn,
245-frn,
246-frn,
247-frn,
248-frn,
249-frn,
250-frn,
251-frn,
252-frn,
253-frn,
254-frn,
255-frn,
256-frn,
257-frn,
258-frn,
259-frn,
260-frn,
261-frn,
262-frn,
263-frn,
264-frn,
265-frn,
266-frn,
267-frn,
268-frn,
269-frn,
270-frn,
271-frn,
272-frn,
273-frn,
274-frn,
275-frn,
276-frn,
277-frn,
278-frn,
279-frn,
280-frn,
281-frn,
282-frn,
283-frn,
284-frn,
285-frn,
286-frn,
287-frn,
288-frn,
289-frn,
290-frn,
291-frn,
292-frn,
293-frn,
294-frn,
295-frn,
296-frn,
297-frn,
298-frn,
299-frn,
300-frn,
301-frn,
302-frn,
303-frn,
304-frn,
305-frn,
306-frn,
307-frn,
308-frn,
309-frn,
310-frn,
311-frn,
312-frn,
313-frn,
314-frn,
315-frn,
316-frn,
317-frn,
318-frn,
319-frn,
320-frn,
321-frn,
322-frn,
323-frn,
324-frn,
325-frn,
326-frn,
327-frn,
328-frn,
329-frn,
330-frn,
331-frn,
332-frn,
333-frn,
334-frn,
335-frn,
336-frn,
337-frn,
338-frn,
339-frn,
340-frn,
341-frn,
342-frn,
343-frn,
344-frn,
345-frn,
346-frn,
347-frn,
348-frn,
349-frn,
350-frn,
351-frn,
352-frn,
353-frn,
354-frn,
355-frn,
356-frn,
357-frn,
358-frn,
359-frn,
360-frn,
361-frn,
362-frn,
363-frn,
364-frn,
365-frn,
366-frn,
367-frn,
368-frn,
369-frn,
370-frn,
371-frn,
372-frn,
373-frn,
374-frn,
375-frn,
376-frn,
377-frn,
378-frn,
379-frn,
380-frn,
381-frn,
382-frn,
383-frn,
384-frn,
385-frn,
386-frn,
387-frn,
388-frn,
389-frn,
390-frn,
391-frn,
392-frn,
393-frn,
394-frn,
395-frn,
396-frn,
397-frn,
398-frn,
399-frn,
400-frn,
401-frn,
402-frn,
403-frn,
404-frn,
405-frn,
406-frn,
407-frn,
408-frn,
409-frn,
410-frn,
411-frn,
412-frn,
413-frn,
414-frn,
415-frn,
416-frn,
417-frn,
418-frn,
419-frn,
420-frn,
421-frn,
422-frn,
423-frn,
424-frn,
425-frn,
426-frn,
427-frn,
428-frn,
429-frn,
430-frn,
431-frn,
432-frn,
433-frn,
434-frn,
435-frn,
436-frn,
437-frn,
438-frn,
439-frn,
440-frn,
441-frn,
442-frn,
443-frn,
444-frn,
445-frn,
446-frn,
447-frn,
448-frn,
449-frn,
450-frn,
451-frn,
452-frn,
453-frn,
454-frn,
455-frn,
456-frn,
457-frn,
458-frn,
459-frn,
460-frn,
461-frn,
462-frn,
463-frn,
464-frn,
465-frn,
466-frn,
467-frn,
468-frn,
469-frn,
470-frn,
471-frn,
472-frn,
473-frn,
474-frn,
475-frn,
476-frn,
477-frn,
478-frn,
479-frn,
480-frn,
481-frn,
482-frn,
483-frn,
484-frn,
485-frn,
486-frn,
487-frn,
488-frn,
489-frn,
490-frn,
491-frn,
492-frn,
493-frn,
494-frn,
495-frn,
496-frn,
497-frn,
498-frn,
499-frn,
500-frn,
501-frn,
502-frn,
503-frn,
504-frn,
505-frn,
506-frn,
507-frn,
508-frn,
509-frn,
510-frn,
511-frn,
512-frn,
513-frn,
514-frn,
515-frn,
516-frn,
517-frn,
518-frn,
519-frn,
520-frn,
521-frn,
522-frn,
523-frn,
524-frn,
525-frn,
526-frn,
527-frn,
528-frn,
529-frn,
530-frn,
531-frn,
532-frn,
533-frn,
534-frn,
535-frn,
536-frn,
537-frn,
538-frn,
539-frn,
540-frn,
541-frn,
542-frn,
543-frn,
544-frn,
545-frn,
546-frn,
547-frn,
548-frn,
549-frn,
550-frn,
551-frn,
552-frn,
553-frn,
554-frn,
555-frn,
556-frn,
557-frn,
558-frn,
559-frn,
560-frn,
561-frn,
562-frn,
563-frn,
564-frn,
565-frn,
566-frn,
567-frn,
568-frn,
569-frn,
570-frn,
571-frn,
572-frn,
573-frn,
574-frn,
575-frn,
576-frn,
577-frn,
578-frn,
579-frn,
580-frn,
581-frn,
582-frn,
583-frn,
584-frn,
585-frn,
586-frn,
587-frn,
588-frn,
589-frn,
590-frn,
591-frn,
592-frn,
593-frn,
594-frn,
595-frn,
596-frn,
597-frn,
598-frn,
599-frn,
600-frn,
601-frn,
602-frn,
603-frn,
604-frn,
605-frn,
606-frn,
607-frn,
608-frn,
609-frn,
610-frn,
611-frn,
612-frn,
613-frn,
614-frn,
615-frn,
616-frn,
617-frn,
618-frn,
619-frn,
620-frn,
621-frn,
622-frn,
623-frn,
624-frn,
625-frn,
626-frn,
627-frn,
628-frn,
629-frn,
630-frn,
631-frn,
632-frn,
633-frn,
634-frn,
635-frn,
636-frn,
637-frn,
638-frn,
639-frn,
640-frn,
641-frn,
642-frn,
643-frn,
644-frn,
645-frn,
646-frn,
647-frn,
648-frn,
649-frn,
650-frn,
651-frn,
652-frn,
653-frn,
654-frn,
655-frn,
656-frn,
657-frn,
658-frn,
659-frn,
660-frn,
661-frn,
662-frn,
663-frn,
664-frn,
665-frn,
666-frn,
667-frn,
668-frn,
669-frn,
670-frn,
671-frn,
672-frn,
673-frn,
674-frn,
675-frn,
676-frn,
677-frn,
678-frn,
679-frn,
680-frn,
681-frn,
682-frn,
683-frn,
684-frn,
685-frn,
686-frn,
687-frn,
688-frn,
689-frn,
690-frn,
691-frn,
692-frn,
693-frn,
694-frn,
695-frn,
696-frn,
697-frn,
698-frn,
699-frn,
700-frn,
701-frn,
702-frn,
703-frn,
704-frn,
705-frn,
706-frn,
707-frn,
708-frn,
709-frn,
710-frn,
711-frn,
712-frn,
713-frn,
714-frn,
715-frn,
716-frn,
717-frn,
718-frn,
719-frn,
720-frn,
721-frn,
722-frn,
723-frn,
724-frn,
725-frn,
726-frn,
727-frn,
728-frn,
729-frn,
730-frn,
731-frn,
732-frn,
733-frn,
734-frn,
735-frn,
736-frn,
737-frn,
738-frn,
739-frn,
740-frn,
741-frn,
742-frn,
743-frn,
744-frn,
745-frn,
746-frn,
747-frn,
748-frn,
749-frn,
750-frn,
751-frn,
752-frn,
753-frn,
754-frn,
755-frn,
756-frn,
757-frn,
758-frn,
759-frn,
760-frn,
761-frn,
762-frn,
763-frn,
764-frn,
765-frn,
766-frn,
767-frn,
768-frn,
769-frn,
770-frn,
771-frn,
772-frn,
773-frn,
774-frn,
775-frn,
776-frn,
777-frn,
778-frn,
779-frn,
780-frn,
781-frn,
782-frn,
783-frn,
784-frn,
785-frn,
786-frn,
787-frn,
788-frn,
789-frn,
790-frn,
791-frn,
792-frn,
793-frn,
794-frn,
795-frn,
796-frn,
797-frn,
798-frn,
799-frn,
800-frn,
801-frn,
802-frn,
803-frn,
804-frn,
805-frn,
806-frn,
807-frn,
808-frn,
809-frn,
810-frn,
811-frn,
812-frn,
813-frn,
814-frn,
815-frn,
816-frn,
817-frn,
818-frn,
819-frn,
820-frn,
821-frn,
822-frn,
823-frn,
824-frn,
825-frn,
826-frn,
827-frn,
828-frn,
829-frn,
830-frn,
831-frn,
832-frn,
833-frn,
834-frn,
835-frn,
836-frn,
837-frn,
838-frn,
839-frn,
840-frn,
841-frn,
842-frn,
843-frn,
844-frn,
845-frn,
846-frn,
847-frn,
848-frn,
849-frn,
850-frn,
851-frn,
852-frn,
853-frn,
854-frn,
855-frn,
856-frn,
857-frn,
858-frn,
859-frn,
860-frn,
861-frn,
862-frn,
863-frn,
864-frn,
865-frn,
866-frn,
867-frn,
868-frn,
869-frn,
870-frn,
871-frn,
872-frn,
873-frn,
874-frn,
875-frn,
876-frn,
877-frn,
878-frn,
879-frn,
880-frn,
881-frn,
882-frn,
883-frn,
884-frn,
885-frn,
886-frn,
887-frn,
888-frn,
889-frn,
890-frn,
891-frn,
892-frn,
893-frn,
894-frn,
895-frn,
896-frn,
897-frn,
898-frn,
899-frn,
900-frn,
901-frn,
902-frn,
903-frn,
904-frn,
905-frn,
906-frn,
907-frn,
908-frn,
909-frn,
910-frn,
911-frn,
912-frn,
913-frn,
914-frn,
915-frn,
916-frn,
917-frn,
918-frn,
919-frn,
920-frn,
921-frn,
922-frn,
923-frn,
924-frn,
925-frn,
926-frn,
927-frn,
928-frn,
929-frn,
930-frn,
931-frn,
932-frn,
933-frn,
934-frn,
935-frn,
936-frn,
937-frn,
938-frn,
939-frn,
940-frn,
941-frn,
942-frn,
943-frn,
944-frn,
945-frn,
946-frn,
947-frn,
948-frn,
949-frn,
950-frn,
951-frn,
952-frn,
953-frn,
954-frn,
955-frn,
956-frn,
957-frn,
958-frn,
959-frn,
960-frn,
961-frn,
962-frn,
963-frn,
964-frn,
965-frn,
966-frn,
967-frn,
968-frn,
969-frn,
970-frn,
971-frn,
972-frn,
973-frn,
974-frn,
975-frn,
976-frn,
977-frn,
978-frn,
979-frn,
980-frn,
981-frn,
982-frn,
983-frn,
984-frn,
985-frn,
986-frn,
987-frn,
988-frn,
989-frn,
990-frn,
991-frn,
992-frn,
993-frn,
994-frn,
995-frn,
996-frn,
997-frn,
998-frn,
999-frn,
1000-frn,
