1-luc,kspy
2-luc,i5er
3-luc,a0w
4-luc,ksx
5-luc,uqt
6-luc,49RE8GNK
7-luc,Iv7yrt7
8-luc,02fxh5
9-luc,nath
10-luc,jhtr
11-luc,vu52aq
12-luc,6ysix8m
13-luc,lfzxm
14-luc,t65
15-luc,5k3lpm4
16-luc,zgtwlgl
17-luc,g47hk
18-luc,mn5ps5j
19-luc,zvmyq
20-luc,5hetnp1
21-luc,i7d3kg
22-luc,bdsk
23-luc,bim
24-luc,e3x37
25-luc,lr6ib
26-luc,9cjk
27-luc,nuxlwb
28-luc,c7w0
29-luc,56j7q
30-luc,s8y
31-luc,5hgt0n
32-luc,36hjbcnu
33-luc,96aby5z
34-luc,o37uxg
35-luc,pmj5f
36-luc,4sxjlz8
37-luc,58173jov
38-luc,gyc
39-luc,VKA5P1U
40-luc,w4gc
41-luc,8me1qrv
42-luc,dmm85
43-luc,frbtenc2
44-luc,ui5m
45-luc,s77xht7
46-luc,ddqh27z
47-luc,pkdc2
48-luc,kje3ugn6
49-luc,0nwxr
50-luc,wwetj
51-luc,47tyl
52-luc,2bfj
53-luc,GE4
54-luc,480ik2s
55-luc,lq4
56-luc,mcfvs
57-luc,covu4c
58-luc,b6fs0lr
59-luc,si2s4c
60-luc,15j7mg
61-luc,wxlpig4
62-luc,xiq3hh
63-luc,upu1
64-luc,8nl7070j
65-luc,7py
66-luc,vs4
67-luc,uis
68-luc,g2m3h
69-luc,6lo8cym
70-luc,klcu
71-luc,i4rf
72-luc,wumnp
73-luc,hu123
74-luc,rdju37
75-luc,pjxpwqvu
76-luc,x8k
77-luc,lfkd0
78-luc,12z8og2
79-luc,140i
80-luc,0q3c
81-luc,ssvfrwv
82-luc,6ex
83-luc,ju7mhm
84-luc,nw6
85-luc,nn3d
86-luc,f9m7eb3r
87-luc,zurr6
88-luc,nu43g9
89-luc,oebb37
90-luc,5qbhkg0k
91-luc,3hf4
92-luc,wpxuj
93-luc,aveso
94-luc,2vpr2eps
95-luc,l6vmp
96-luc,g5751uf
97-luc,o5x
98-luc,knr0ohu
99-luc,a6lzzn1
100-luc,6y45h
101-luc,7y3zl
102-luc,7kvw
103-luc,5e31kuxu
104-luc,whlv
105-luc,eer705y
106-luc,i85y
107-luc,popl
108-luc,1kter
109-luc,o6fgbdf
110-luc,ios60
111-luc,se08azg
112-luc,n7t5b
113-luc,td3bgm
114-luc,8rqotwuy
115-luc,2amp
116-luc,lsx1ht7
117-luc,86qoqpiy
118-luc,3p65r6
119-luc,r8ndio
120-luc,o6pofo
121-luc,jto27
122-luc,c8tggsxv
123-luc,iw6mm3yg
124-luc,3mu54g
125-luc,3gr
126-luc,qjnd
127-luc,w55
128-luc,n46ozq
129-luc,1951q4
130-luc,ow1
131-luc,tz3z1
132-luc,3xxxuet
133-luc,l6l73
134-luc,i76dofmk
135-luc,jx7
136-luc,chg
137-luc,s79ub
138-luc,3ygs5cgi
139-luc,dmhg0
140-luc,mvhcg4x
141-luc,1737tb
142-luc,l4vz3
143-luc,04z
144-luc,7t8n0old
145-luc,3egd54y
146-luc,rsoeux
147-luc,5zudsl
148-luc,3G6ZINS
149-luc,mmyzcy0
150-luc,5uvv
151-luc,qzg
152-luc,5dgk0uq
153-luc,pe8fe
154-luc,y1d72
155-luc,h4s
156-luc,yz7xm
157-luc,pqn5mf
158-luc,w78ep7p7
159-luc,kv3u
160-luc,c380
161-luc,CVUS8
162-luc,hky0phio
163-luc,11cg6b
164-luc,zaj17fgr
165-luc,euvj
166-luc,eui16r0i
167-luc,t0pr
168-luc,1cq04rrn
169-luc,xhgta
170-luc,cmhmgqb
171-luc,6u9oc
172-luc,jskxtdrm
173-luc,b8grtr0
174-luc,rqvt
175-luc,1iy68fyi
176-luc,z1i
177-luc,3b0
178-luc,hjr8mutg
179-luc,uvg
180-luc,3pjlf3
181-luc,nkk6
182-luc,ei4tjhu
183-luc,8ox0tb6h
184-luc,3dvpqftu
185-luc,OY1uo
186-luc,KGW5
187-luc,hytbwi2n
188-luc,9uj
189-luc,1qy
190-luc,cwwtfd0
191-luc,2lm
192-luc,b02bq3fd
193-luc,nr19dqq
194-luc,hhwekn3
195-luc,o3u
196-luc,ow9gj
197-luc,r50wey
198-luc,p8v
199-luc,vy1cx65
200-luc,p4wyf7
201-luc,vv52glw
202-luc,33a
203-luc,txjzp1q
204-luc,8u97
205-luc,vz75
206-luc,y7483i
207-luc,ovbju2
208-luc,qfdzuoeg
209-luc,bccb8fx9
210-luc,r8mhzo5
211-luc,ba59sld
212-luc,kdo7egx
213-luc,ogus3iw
214-luc,865vj
215-luc,dbx
216-luc,4iyjjkr
217-luc,t30cps98
218-luc,8z1st
219-luc,zf4g5
220-luc,j3gcu4m
221-luc,fb44bzix
222-luc,iwpxj
223-luc,7kcgm
224-luc,mtxwyw
225-luc,wi00
226-luc,r7ya0
227-luc,3cqkdocx
228-luc,ood2w5
229-luc,8u6y
230-luc,zzrcxx8g
231-luc,wbi70r
232-luc,a9wnyd
233-luc,1y8z
234-luc,q2rsds2p
235-luc,se0
236-luc,PUY
237-luc,nu5t
238-luc,bjso5
239-luc,9rxqo
240-luc,8nan3
241-luc,qm7sl
242-luc,4ku
243-luc,ihkq8
244-luc,wnwd
245-luc,LZ5CP
246-luc,6pe
247-luc,ji4fshv
248-luc,5krbkwd1
249-luc,iulug
250-luc,hxcxh
251-luc,qgnt53
252-luc,zm8oqr
253-luc,j62
254-luc,hbi0m2tb
255-luc,01qj
256-luc,bs7b4y
257-luc,87n
258-luc,maje5g61
259-luc,9y6m
260-luc,yq6
261-luc,r5j90
262-luc,9qo25z
263-luc,3ulsj
264-luc,zosbwz
265-luc,bz0e
266-luc,07esptb1
267-luc,nrv106
268-luc,7bbqvtio
269-luc,xbsge
270-luc,371
271-luc,3n3dvrt
272-luc,N08
273-luc,8mfdr
274-luc,x5uq0
275-luc,lv37iil
276-luc,qnir55c
277-luc,ty0i4wlk
278-luc,7x0vqp
279-luc,1i2t1i
280-luc,ptgbc
281-luc,qujnk
282-luc,cwxgvnq
283-luc,8sd1r
284-luc,1305z5
285-luc,yd7q
286-luc,q0e2urq1
287-luc,fbt60sh
288-luc,kxd2
289-luc,9hs8ijyl
290-luc,stcx3mpn
291-luc,5n2b
292-luc,ewjvh
293-luc,12sm
294-luc,mocz
295-luc,iez6uc
296-luc,e5r7x5q7
297-luc,8jju
298-luc,KIUEV1G
299-luc,by77r
300-luc,I1us
301-luc,1gdoa
302-luc,qpw3ke85
303-luc,putm8u
304-luc,1r7vr
305-luc,szkai0
306-luc,8uzndhf
307-luc,vnvbq
308-luc,kiyzz2th
309-luc,0wmwi
310-luc,lhiu4t
311-luc,yzze4b
312-luc,b8ub
313-luc,jcm8xh2a
314-luc,zgt58wk
315-luc,pebz
316-luc,hsh4p8
317-luc,uswog0ws
318-luc,bcr
319-luc,y3sbqjcd
320-luc,l0dgw
321-luc,ho5
322-luc,qvf6hdbe
323-luc,iqpok3
324-luc,6sc2vlc5
325-luc,f27f
326-luc,rl4
327-luc,pmy
328-luc,u5as
329-luc,pu21rx
330-luc,csuvy
331-luc,2u3
332-luc,ihobji3
333-luc,3ss0htn
334-luc,vt0
335-luc,v8bk
336-luc,Zc5
337-luc,edlls6
338-luc,glxpjwox
339-luc,3c6
340-luc,7fo
341-luc,5r581
342-luc,5g6i80
343-luc,a89d
344-luc,yczd
345-luc,gwoofu
346-luc,wqenc2
347-luc,8yzlhm
348-luc,isoax7s
349-luc,f9m23h
350-luc,z9cs
351-luc,jrnzpx3
352-luc,c1jq
353-luc,bi16xs6
354-luc,gdu
355-luc,scnz1wcd7
356-luc,okze
357-luc,g4qrfyp
358-luc,hgs2
359-luc,dux
360-luc,1tyvc72
361-luc,fpa
362-luc,17thmr
363-luc,gnvjlh6z
364-luc,g6xm3
365-luc,nigb
366-luc,9v80bu2
367-luc,k36tbi
368-luc,5hai1gtx
369-luc,ga4yoznq
370-luc,psyl
371-luc,f6ol5lp
372-luc,zyxgrg
373-luc,80vte
374-luc,uujf
375-luc,r640
376-luc,504m7
377-luc,4knbcyd
378-luc,1I6im
379-luc,fe4
380-luc,iy3
381-luc,cgmp
382-luc,91w75
383-luc,uei4z1
384-luc,thkcbo1
385-luc,t7utb
386-luc,blu
387-luc,2hlg7w3
388-luc,jjw6yw
389-luc,q2iovpb
390-luc,w8e27t5
391-luc,el7rj2kp
392-luc,2p4k4qba
393-luc,0bwc6s
394-luc,osp
395-luc,g8f04mz
396-luc,v4brn480
397-luc,odvawzz8
398-luc,n3m56p
399-luc,0nqq
400-luc,32u1u
401-luc,qdow
402-luc,mbmbe
403-luc,3ea
404-luc,w0p2w
405-luc,1vu2qg0
406-luc,hzleavj
407-luc,tkv5gfxh
408-luc,jk1mnuqh
409-luc,1jnj
410-luc,piqz0
411-luc,h8y
412-luc,IK2VP0
413-luc,p06
414-luc,ntrs
415-luc,kggttech
416-luc,s8ti0
417-luc,8af
418-luc,vdcen
419-luc,pwc5
420-luc,5snqey8
421-luc,bhis
422-luc,lm2
423-luc,40wve6
424-luc,inyqyuv3
425-luc,r7s5md2
426-luc,nfmp4rde
427-luc,9ofm
428-luc,bjm8g0u1
429-luc,q88
430-luc,vj520
431-luc,q72fb4q
432-luc,kqkwzb
433-luc,c2p0kvcz
434-luc,8wh0v0
435-luc,enmpuc0
436-luc,ctcxivz
437-luc,kgy
438-luc,6px
439-luc,ij40w88
440-luc,8g47n0
441-luc,VUWiu
442-luc,tm42cf
443-luc,022pvl9
444-luc,5vyxi
445-luc,2xkj6c
446-luc,0x0
447-luc,slqeyyp
448-luc,j6koxuc
449-luc,3kwkk
450-luc,7quh6d
451-luc,k24hl1
452-luc,gdgc6pce
453-luc,r51zjr0
454-luc,c2y1i
455-luc,ilm9fi
456-luc,ve2zl007
457-luc,X84
458-luc,fyn
459-luc,d4f3
460-luc,d43
461-luc,0tj3s
462-luc,49b
463-luc,ujod
464-luc,awuvo8
465-luc,nt7q
466-luc,gt1f0
467-luc,sh4pv9
468-luc,s0895vn
469-luc,kk53i
470-luc,1q89zn
471-luc,ioo
472-luc,1z8b63ucu
473-luc,sootlitm
474-luc,9gr53jx
475-luc,n8j
476-luc,cmy3hlg
477-luc,m6uc
478-luc,hxrIdq7
479-luc,mywqp
480-luc,97c
481-luc,p76
482-luc,3j4k8wmm
483-luc,o0fr
484-luc,o715sie
485-luc,xxkf
486-luc,dxi
487-luc,wre
488-luc,qdhih
489-luc,erhun
490-luc,n5sc34
491-luc,uzsy37p
492-luc,p8y
493-luc,go18e2d
494-luc,43xwyj
495-luc,2mpker1k
496-luc,3828
497-luc,a1n6
498-luc,o5zh1
499-luc,ndzbhhlp
500-luc,gm13pmy
501-luc,5VQ1GW1
502-luc,tgzqal
503-luc,74077—Å
504-luc,4tztwwvl
505-luc,7mr5ndg
506-luc,JHDB2S
507-luc,jdrbb6w
508-luc,8wzbm0
509-luc,k3bmlqa7
510-luc,lb17
511-luc,prr
512-luc,xtrcexzn
513-luc,3oyd
514-luc,q44
515-luc,mqgioqe7
516-luc,jx6j6
517-luc,tcqbb
518-luc,s50k
519-luc,i6v
520-luc,nlld
521-luc,gh1zyw9
522-luc,ite25
523-luc,5t3f
524-luc,hppg
525-luc,g2mdib8r
526-luc,am7y
527-luc,tqi1
528-luc,knl
529-luc,KS5V2M64
530-luc,scg8
531-luc,0dc
532-luc,txroh8j
533-luc,4ugcnof
534-luc,a0w2jg7
535-luc,rk1f0h1y
536-luc,imk2
537-luc,76eyqc9b
538-luc,075pr
539-luc,M7GV
540-luc,u6goxzl
541-luc,c8kq2p2
542-luc,14sck7s
543-luc,ywvk
544-luc,e38e
545-luc,5qf2l6
546-luc,a8yjisl
547-luc,ybyg83
548-luc,0cs3x
549-luc,uzm5isd
550-luc,XBZ3VU
551-luc,daro
552-luc,gxbjejj
553-luc,jwv
554-luc,ltg6t3z
555-luc,719qbc8f
556-luc,kzy
557-luc,bni
558-luc,ctq9
559-luc,0kjh8
560-luc,2ns
561-luc,hbg2
562-luc,TF57
563-luc,bk9nq
564-luc,q6gv
565-luc,yo2g2b
566-luc,727
567-luc,xyh3w
568-luc,r1xlh
569-luc,5uzec8
570-luc,r6qo52
571-luc,43j08
572-luc,zuyu
573-luc,edml2
574-luc,0kj64dh
575-luc,w2uaamr
576-luc,txgodyk
577-luc,huwsqw5y
578-luc,5f1vas4a
579-luc,8iug
580-luc,kykwkvkh
581-luc,QP0ST7V4
582-luc,gaq
583-luc,rct
584-luc,rsfv
585-luc,5j1fh5o
586-luc,ZHY7S
587-luc,chh2
588-luc,jejuebd
589-luc,cwy46
590-luc,tb611j
591-luc,rbd2
592-luc,iIo
593-luc,wpg
594-luc,srhre
595-luc,gmn5tmn
596-luc,fkt0
597-luc,w67lkh6e
598-luc,ibqpb57n
599-luc,2o1u
600-luc,cib3y
601-luc,z6u
602-luc,jcg8t5
603-luc,wqkvf
604-luc,g4irzmme
605-luc,lysd
606-luc,nag
607-luc,repl
608-luc,gqi6pikk
609-luc,qmi
610-luc,x3dm
611-luc,czb
612-luc,sgdaoips
613-luc,1b5x
614-luc,L8D
615-luc,petr6v7
616-luc,4d3bq
617-luc,llzy
618-luc,g3xch1
619-luc,ufi8344t
620-luc,cgn5yfc6
621-luc,5l2mtrpg
622-luc,n36xw0s
623-luc,wrtkad
624-luc,tx2
625-luc,0qnxj2s
626-luc,z44
627-luc,3omgd
628-luc,3uz5y
629-luc,dlkuv
630-luc,8uxfdtar
631-luc,xm5jxap6
632-luc,b3i
633-luc,xnd6
634-luc,3yy
635-luc,zIs
636-luc,sb73e3
637-luc,z76y59by
638-luc,oipxj
639-luc,c1w
640-luc,crv7g
641-luc,yupfo
642-luc,qkp
643-luc,IEHBD1
644-luc,kdfy
645-luc,4u3
646-luc,ze71
647-luc,zye
648-luc,9ghgr
649-luc,t4iulc
650-luc,q8zx64
651-luc,q7ws
652-luc,6hd44
653-luc,476a
654-luc,fht5mz
655-luc,7l1bgym
656-luc,pwu
657-luc,djdkg4
658-luc,w2e014
659-luc,x0f
660-luc,tw61
661-luc,wr10hw5y
662-luc,8a46
663-luc,onvab1
664-luc,7pwgu5g
665-luc,eqpr4q
666-luc,mm5b
667-luc,1dmd3g
668-luc,m3fqltg
669-luc,i m3
670-luc,xh84vkz
671-luc,Ivy
672-luc,it05a4t
673-luc,svpkq022
674-luc,rnr3byeo
675-luc,piu0i1e
676-luc,2ox7eu
677-luc,l2bm
678-luc,lr12mo
679-luc,Y706
680-luc,I 6 k 4
681-luc,iwbgexsh
682-luc,yyme7tx
683-luc,lnu4d6
684-luc,clyjl
685-luc,vsna1te
686-luc,okp3b1
687-luc,q4hm8z
688-luc,iqpz6
689-luc,fqhuzs
690-luc,ray
691-luc,z2q332
692-luc,7c2
693-luc,c5fhc
694-luc,4plmkm
695-luc,ujw
696-luc,v40je
697-luc,aykV
698-luc,MCF5MZE
699-luc,Ipum
700-luc,cdbfbv
701-luc,63slh3c1
702-luc,1fg8q5o
703-luc,yu5b4xyh
704-luc,2n0la7tl
705-luc,bnprdi
706-luc,kqk8ss3k
707-luc,wt9k5wti
708-luc,l9ma6r2
709-luc,juji
710-luc,i 8 y s m
711-luc,mtbz6r74
712-luc,3uv508pt
713-luc,dsev
714-luc,kh8
715-luc,q1xn5qz
716-luc,fuj4
717-luc,pn7
718-luc,jedm0j
719-luc,huy2a
720-luc,oiim42x6
721-luc,t6wm
722-luc,5qsxh
723-luc,ivxy4dio
724-luc,1vss35
725-luc,x1e4
726-luc,gd8jv
727-luc,y9mpj9y
728-luc,g7oyv4
729-luc,n0h7jq
730-luc,dtu)tned
731-luc,4cnwc60
732-luc,ybh8a
733-luc,l3o
734-luc,f2v2sbfk
735-luc,fp74x
736-luc,i8tde
737-luc,usnk6
738-luc,uh803ru
739-luc,iyia46
740-luc,d7omw
741-luc,uqxz
742-luc,rhmiw1
743-luc,ddvk3gy7
744-luc,au1pcc
745-luc,61qzv
746-luc,ldby
747-luc,yjn7pyi
748-luc,yfcujmeg
749-luc,jceluu2v
750-luc,4zw88s
751-luc,106taz
752-luc,kqe
753-luc,bobe
754-luc,uthp
755-luc,0s77
756-luc,5iz3
757-luc,85fjng
758-luc,fvccvnsv
759-luc,qls0neg
760-luc,thbpjv
761-luc,tma11
762-luc,y77dp3ii
763-luc,94df0
764-luc,1YY
765-luc,eg5hi
766-luc,piaw0ilp
767-luc,crhury
768-luc,lclbd
769-luc,l3l29ifz
770-luc,lko54iwv
771-luc,gwpjs
772-luc,kf4nto8
773-luc,el0
774-luc,8s9by2
775-luc,0bvmz92
776-luc,jtrc59ub
777-luc,jbedrg6
778-luc,yyk
779-luc,SS7T3BH
780-luc,qxfpnw
781-luc,2t1a3cr
782-luc,ba5028
783-luc,gabz45qm
784-luc,guu1
785-luc,utn81
786-luc,wm1xq
787-luc,0f6b1j
788-luc,0IAUQC
789-luc,5ie
790-luc,4ZI0Q
791-luc,h50ubbux
792-luc,gpoa
793-luc,ydzof
794-luc,sy1
795-luc,ei0mp
796-luc,5msdu
797-luc,G8E
798-luc,m81
799-luc,m4twoj
800-luc,7kgt
801-luc,54i
802-luc,627t
803-luc,y1gwemxx
804-luc,20000
805-luc,45b8a
806-luc,4sz1
807-luc,hXo
808-luc,0btx
809-luc,djnv
810-luc,7nh
811-luc,b8q
812-luc,9mo
813-luc,k92icx
814-luc,rk5
815-luc,nt7h
816-luc,g9r
817-luc,we4rzw1
818-luc,zodol
819-luc,cc3
820-luc,zosobehp
821-luc,y3f7i0
822-luc,uhrlw
823-luc,c4h2m6v
824-luc,ci6l1
825-luc,gbg6p
826-luc,yokpc
827-luc,isn8jh
828-luc,j28n
829-luc,6yt
830-luc,nyiywrk
831-luc,b1rmj3
832-luc,X657
833-luc,s6m1gk
834-luc,tmdo6i
835-luc,7pho5rh
836-luc,i2a9
837-luc,kjq6219a
838-luc,tlixf8gs
839-luc,sgs
840-luc,1mt6e
841-luc,l5m
842-luc,0gyt3
843-luc,yslh95l
844-luc,5a0dnhzn
845-luc,wgf3
846-luc,q77z
847-luc,r2ve
848-luc,b33hg
849-luc,yti
850-luc,qp7
851-luc,xwl3h6
852-luc,6j6
853-luc,93qmj
854-luc,xn0mbj
855-luc,jkp3tam
856-luc,ek0sv95i
857-luc,yvojkl
858-luc,3srwr
859-luc,r4ao
860-luc,OK3PEIN
861-luc,s2fpndv
862-luc,d95oa81
863-luc,cx7soui7
864-luc,v077s2
865-luc,xwg6jdt
866-luc,dpnv
867-luc,04vww2j0
868-luc,muf3qg
869-luc,qq34pd76
870-luc,eyy5rnyy
871-luc,S33XI8DV
872-luc,ufn
873-luc,pz67iv
874-luc,iwe
875-luc,b1hhf
876-luc,xevkki
877-luc,n3u
878-luc,z57z
879-luc,ZP9OUW
880-luc,2n4l
881-luc,pykqb0x7
882-luc,fsyzmc
883-luc,r4yk9
884-luc,fwq
885-luc,iyg4eh
886-luc,kiu
887-luc,8d4vwu
888-luc,z1g56
889-luc,5mgr8
890-luc,70eh7
891-luc,lf4
892-luc,58ois84t
893-luc,nj4qepk
894-luc,1vxw
895-luc,904x1
896-luc,di2vlf
897-luc,jsx10m
898-luc,gtq
899-luc,2sheev
900-luc,wzx26
901-luc,yxmvf
902-luc,rpvbt7v
903-luc,68s
904-luc,1yri
905-luc,toq
906-luc,XK0
907-luc,cg1fpu
908-luc,fiuo
909-luc,4c6rj
910-luc,bfu7g1
911-luc,ri1l4ebt
912-luc,dzcf
913-luc,x1e
914-luc,492knwp
915-luc,iuv6hb
916-luc,j2o
917-luc,jwb7vq
918-luc,k8023ps1
919-luc,rtxfx7zz
920-luc,l407wmjb
921-luc,4ifbz
922-luc,ktr3z0hs
923-luc,mpxtlq
924-luc,xn0r8
925-luc,qnh
926-luc,uvy1
927-luc,tl2qt4t1
928-luc,dnsp
929-luc,1i4mosv5
930-luc,mn99
931-luc,1L6Z
932-luc,1158d
933-luc,66kt
934-luc,tc5
935-luc,goto4zd
936-luc,t6k
937-luc,3wr
938-luc,hfe2vgy
939-luc,z5jv
940-luc,blbn7m
941-luc,bu8ag4
942-luc,562877x
943-luc,vw6w1eb
944-luc,xtr761
945-luc,sjp
946-luc,rxk
947-luc,yb7
949-luc,8vihf
950-luc,p6I7x1
951-luc,i 1 5
952-luc,d7glanl
953-luc,53mkpakl
954-luc,BUN4E8J
955-luc,l6kvb
956-luc,hxm01
957-luc,7soafn
958-luc,25ehhk
959-luc,3x0io
960-luc,qok
961-luc,r0v7xfr9
962-luc,1zyj
963-luc,0n7syml
964-luc,Ts3l74f
965-luc,yigkc65
966-luc,ffv9r1
967-luc,wemn
968-luc,802q
969-luc,67j0
970-luc,3vv2
971-luc,in5ekr
972-luc,1pd8
973-luc,nukm
974-luc,qwmoqx
975-luc,xyg
976-luc,75s
977-luc,os11dhgi
978-luc,vuc
979-luc,RKAZOO1
980-luc,86rz
981-luc,omwl6
982-luc,qqy79v
983-luc,nxb7p
984-luc,pvp
985-luc,k01cs
986-luc,ZM8733I
987-luc,1u634q7
988-luc,ke8sl
989-luc,2ut5928j
990-luc,wo7riajv
991-luc,kiyh
992-luc,1ju8tpq7
993-luc,6ejw4oib
994-luc,zjo
995-luc,ur3hae6
996-luc,n9tsw
997-luc,x5fg
998-luc,YXQS
999-luc,s1cr
1000-luc,xv4whev
